CASE,SERIAL,REF,QUESTNNR,MODE,STARTED,A001,A002,A003,A003_01,A003_02,A003_03,A003_04,A003_05,A003_06,A003_06a,A004,A006,A006_55,A201_01,A202_01,A203_01,A204_01,A205_01,A206_01,A207_01,A208_01,A209_01,A210_01,A301,A303,A401_01,A402,A405,A405_33,A406_01,A408,A407,RG01_CP,RG01,SC01,TIME001,TIME002,TIME003,TIME004,TIME005,TIME006,TIME007,TIME_SUM,MAILSENT,LASTDATA,FINISHED,Q_VIEWER,LASTPAGE,MAXPAGE,MISSING,MISSREL,TIME_RSI,DEG_TIME
Interview number (ongoing),Serial number (if provided),Reference (if provided in link),Questionnaire that has been used in the interview,Interview mode,Time the interview has started (Europe/Berlin),Abroad Experience,Professional Experience,Language Proficiency: Residual option (negative) or number of selected options,Language Proficiency: English,Language Proficiency: German,Language Proficiency: French,Language Proficiency: Spanish,Language Proficiency: Hindi,Language Proficiency: Other,Language Proficiency: Other (free text),Living Situation,Nationality,Nationality: Other,Dinner: [No Description] 01,Assignment group: [No Description] 01,Study group: [No Description] 01,Classes: [No Description] 01,Trip: [No Description] 01,Date: [No Description] 01,Birthday: [No Description] 01,Move: [No Description] 01,Hang out: [No Description] 01,Drinks after: [No Description] 01,Current status,Current status 2,Age: [01],Gender,University,University: Other,Study course: [01],Year of study,Socioeconomic Status,"Treatment: Complete clearances of the ballot, yet",Treatment: Code drawn,Consent,Time spent on page 1,Time spent on page 2,Time spent on page 3,Time spent on page 4,Time spent on page 5,Time spent on page 6,Time spent on page 7,Time spent overall (except outliers),"Time when the invitation mailing was sent (personally identifiable recipients, only)",Time when the data was most recently updated,Has the interview been finished (reached last page)?,"Did the respondent only view the questionnaire, omitting mandatory questions?",Last page that the participant has handled in the questionnaire,Hindmost page handled by the participant,Missing answers in percent,Missing answers (weighted by relevance),Degradation points for being very fast,Degradation points for being very fast
77,,,SI,interview,01/11/2022 09:30,Yes,5+,2,Checked,Checked,Not checked,Not checked,Not checked,Not checked,,"Yes, with people from different countries and regions",United States,,8,100%,81,100%,81,100%,8,100%,91,8,Interacting with students of all nationalities.,,36,Man,Hertie School,,MasterInternationalAffairs,1º,Low-middle income,0,Control,"Yes, I agree",4,34,,89,67,48,41,283,,01/11/2022 09:35,1,0,7,7,0,0,0.81,5
78,,,SI,interview,01/11/2022 09:30,Yes,0 - 1,2,Checked,Not checked,Not checked,Not checked,Checked,Not checked,,No,India,,8,51,51,71,51,31,6,51,71,8,Interacting with other international students but hardly with Germans.,,23,Woman,Hertie School,,MPP,2º,Low-middle income,0,Treatment (image),"Yes, I agree",11,37,58,54,49,21,88,257,,01/11/2022 09:36,1,0,7,7,0,0,0.7,1
79,,,SI,interview,01/11/2022 09:32,No,5+,2,Checked,Not checked,Not checked,Checked,Not checked,Not checked,,No,Mexico,,4,100%,21,40,37,47,3,0%,34,3,Interacting with students of all nationalities.,,31,Man,Hertie School,,MPP,2º,Upper-middle income,1,Control,"Yes, I agree",22,35,,54,58,23,21,213,,01/11/2022 09:36,1,0,7,7,0,0,0.87,3
80,,,SI,interview,01/11/2022 09:33,Yes,0 - 1,3,Checked,Checked,Not checked,Checked,Not checked,Not checked,,"Yes, with people from different countries and regions",Mexico,,6,100%,100%,100%,63,100%,5,100%,84,6,Mainly interacting with conationals and/or same region as me.,,24,Woman,Hertie School,,MIA,1º,Upper-middle income,1,Treatment (image),"Yes, I agree",21,36,71,44,33,45,35,285,,01/11/2022 09:37,1,0,7,7,0,0,0.73,3
81,,,SI,interview,01/11/2022 09:33,Yes,5+,2,Checked,Not checked,Not checked,Not checked,Not checked,Checked,"Russian, Arabic","Yes, with people from different countries and regions",Estonia,,8,100%,100%,100%,100%,100%,8,100%,100%,10,Interacting with students of all nationalities.,,33,Woman,Hertie School,,MIA,1º,Low-middle income,2,Treatment (image),"Yes, I agree",7,37,29,37,18,18,28,174,,01/11/2022 09:36,1,0,7,7,0,0,1.15,13
83,,,SI,interview,01/11/2022 09:34,Yes,3,3,Checked,Not checked,Checked,Not checked,Not checked,Checked,Italian,"Yes, with people from different countries and regions",United States,,3,34,68,68,68,91,7,61,73,8,Interacting with students of all nationalities.,,26,Man,Hertie School,,MIA,2º,High income,2,Control,"Yes, I agree",4,35,,69,47,17,35,207,,01/11/2022 09:37,1,0,7,7,0,0,1.04,7
84,,,SI,interview,01/11/2022 09:34,No,5+,2,Checked,Not checked,Not checked,Checked,Not checked,Not checked,,No,Mexico,,5,51,51,100%,,,,,,5,,,,,,,,,,3,Control,"Yes, I agree",13,48,,75,,,,136,,01/11/2022 09:36,0,0,4,4,0,0,0.64,0
85,,,SI,interview,01/11/2022 09:35,Yes,4,2,Checked,Not checked,Not checked,Checked,Not checked,Not checked,,"Yes, with people from my home country/region",Peru,,10,100%,100%,100%,100%,91,10,100%,95,10,Interacting with students of all nationalities.,,26,Woman,Hertie School,,mpp,1º,Low-middle income,3,Treatment (image),"Yes, I agree",7,49,13,36,29,19,18,171,,01/11/2022 09:38,1,0,7,7,0,0,1.15,11
86,,,SI,interview,01/11/2022 09:36,No,2,3,Checked,Not checked,Not checked,Not checked,Checked,Checked,"Bengali, Odiya","Yes, with people from different countries and regions",India,,9,81,43,31,62,61,5,81,51,5,Mainly interacting with conationals and Germans.,,21,Woman,Hertie School,,MPP,1º,Upper-middle income,4,Control,"Yes, I agree",3,40,,64,54,36,27,224,,01/11/2022 09:40,1,0,7,7,0,0,1.01,8
87,,,SI,interview,01/11/2022 09:37,Yes,0 - 1,3,Checked,Not checked,Not checked,Checked,Not checked,Checked,"Italian, Portuguese","Yes, with people from my home country/region",Italy,,3,75,72,100%,100%,100%,6,100%,63,7,Interacting with other international students but hardly with Germans.,,23,Man,Hertie School,,InternationalAffairs,1º,Upper-middle income,4,Treatment (image),"Yes, I agree",4,40,30,51,24,20,28,197,,01/11/2022 09:40,1,0,7,7,0,0,1.08,9
88,,,SI,interview,01/11/2022 09:37,No,2,3,Checked,Checked,Not checked,Checked,Not checked,Not checked,,"Yes, with people from different countries and regions",Colombia,,7,81,100%,100%,81,100%,6,51,71,7,Interacting with students of all nationalities.,,24,Man,Hertie School,,DataScienceForPublicPolicy,1º,Upper-middle income,5,Treatment (image),"Yes, I agree",8,21,37,37,37,13,33,186,,01/11/2022 09:40,1,0,7,7,0,0,1.12,14
89,,,SI,interview,01/11/2022 09:38,Yes,5+,3,Checked,Not checked,Checked,Not checked,Not checked,Checked,"Cantonese, Mandarin",No,China,,10,100%,99,100%,100%,100%,10,100%,100%,10,,,,,,,,,,6,Treatment (image),"Yes, I agree",15,82,12,35,30,,,128,,01/11/2022 09:41,0,0,5,5,0,0,0.93,8
90,,,SI,interview,01/11/2022 09:38,Yes,0 - 1,2,Checked,Checked,Not checked,Not checked,Not checked,Not checked,,"Yes, with people from my home country/region",Germany,,10,99,100%,48,100%,100%,9,73,51,10,,Interacting with students of all nationalities,23,Woman,Hertie School,,MIA,2º,Low-middle income,5,Control,"Yes, I agree",5,31,,37,30,15,26,144,,01/11/2022 09:41,1,0,7,7,0,0,1.28,14
92,,,SI,interview,01/11/2022 09:40,Yes,0 - 1,4,Checked,Not checked,Checked,Checked,Not checked,Checked,Italian,"Yes, with people from different countries and regions",Italy,,10,81,100%,100%,51,100%,8,100%,80,10,Interacting with students of all nationalities.,,23,Woman,Hertie School,,MPP,2º,Upper-middle income,6,Control,"Yes, I agree",10,45,,41,80,28,37,241,,01/11/2022 09:44,1,0,7,7,0,0,0.79,3
93,,,SI,interview,01/11/2022 09:40,No,5+,2,Checked,Not checked,Not checked,Not checked,Not checked,Checked,Ukrainian,"Yes, with people from different countries and regions",Ukraine,,,,,,,,,,,,,,,,,,,,,7,Treatment (image),"Yes, I agree",6,45,26,,,,,77,,01/11/2022 09:42,0,0,3,3,0,0,0.75,0
94,,,SI,interview,01/11/2022 09:41,Yes,3,2,Checked,Checked,Not checked,Not checked,Not checked,Not checked,,No,United States,,7,91,65,100%,,,,,,7,,,,,,,,,,8,Treatment (image),"Yes, I agree",14,29,28,48,,,,119,,01/11/2022 09:43,0,0,4,4,0,0,0.81,5
95,,,SI,interview,01/11/2022 09:41,,,,,,,,,,,,,,,,,,,,,,,,,,,,,,,,,,,"No, I do not agree",10,,,,,,,10,,01/11/2022 09:41,1,0,1,1,0,0,0.6,0
96,,,SI,interview,01/11/2022 09:41,Yes,0 - 1,3,Checked,Not checked,Not checked,Checked,Not checked,Checked,Russian,"Yes, with people from different countries and regions",Peru,,5,43,62,71,71,100%,7,54,67,8,Interacting with students of all nationalities.,,27,Woman,Hertie School,,Master,2º,Low income,8,Control,"Yes, I agree",67,42,,125,946,32,55,298,,01/11/2022 10:02,1,0,7,7,0,0,0.44,0
97,,,SI,interview,01/11/2022 09:41,Yes,0 - 1,2,Checked,Not checked,Not checked,Checked,Not checked,Not checked,,No,Colombia,,8,81,96,96,97,100%,9,100%,100%,9,Interacting with students of all nationalities.,,22,Woman,Hertie School,,DataScienceforPublicPolicy,1º,Low-middle income,7,Control,"Yes, I agree",3,21,,106,36,17,43,226,,01/11/2022 09:45,1,0,7,7,0,0,1.21,18
98,,,SI,interview,01/11/2022 09:41,Yes,5+,3,Checked,Not checked,Checked,Not checked,Not checked,Checked,"Akan, Ga, Chinese","Yes, with people from different countries and regions",Ghana,,8,100%,85,100%,100%,100%,6,71,78,8,Interacting with other international students but hardly with Germans.,,29,Man,Hertie School,,MPP,2º,Low-middle income,9,Control,"Yes, I agree",20,88,,75,74,34,24,263,,01/11/2022 09:46,1,0,7,7,0,0,0.62,1
99,,,SI,interview,01/11/2022 09:41,,,,,,,,,,,,,,,,,,,,,,,,,,,,,,,,,,,"Yes, I agree",1,7788,,,,,,37,,01/11/2022 11:51,0,0,2,2,0,0,1.5,125
101,,,SI,interview,01/11/2022 09:42,Yes,5+,2,Checked,Not checked,Not checked,Checked,Not checked,Not checked,,"Yes, with people from different countries and regions",Guatemala,,9,67,91,68,21,63,9,51,91,7,Interacting with other international students but hardly with Germans.,,31,Man,Hertie School,,MPP,1º,Upper-middle income,9,Treatment (image),"Yes, I agree",3,20,15,29,29,14,14,124,,01/11/2022 09:45,1,0,7,7,0,0,1.62,32
102,,,SI,interview,01/11/2022 09:43,Yes,2,4,Checked,Checked,Checked,Not checked,Not checked,Checked,Dutch,No,Germany,,8,86,81,100%,91,100%,9,100%,100%,8,,Interacting with students of all nationalities,25,Woman,Hertie School,,PublicPolicy,1º,High income,10,Treatment (image),"Yes, I agree",4,28,11,72,41,16,27,199,,01/11/2022 09:46,1,0,7,7,0,0,1.14,9
103,,,SI,interview,01/11/2022 09:43,Yes,2,1,Checked,Not checked,Not checked,Not checked,Not checked,Not checked,,"Yes, with people from different countries and regions",United States,,8,100%,86,100%,100%,100%,8,100%,100%,8,Interacting with students of all nationalities.,,26,Woman,Hertie School,,MPP,2º,Low-middle income,10,Control,"Yes, I agree",3,34,,72,37,52,18,216,,01/11/2022 09:47,1,0,7,7,0,0,1.13,13
104,,,SI,interview,01/11/2022 09:45,Yes,3,2,Checked,Checked,Not checked,Not checked,Not checked,Not checked,,No,Germany,,7,100%,71,100%,71,100%,7,51,71,7,,"Interacting with students of all nationalities, but primarily from developed countries",23,Man,Hertie School,,MIA,1º,Upper-middle income,11,Control,"Yes, I agree",3,28,,47,63,20,17,178,,01/11/2022 09:48,1,0,7,7,0,0,1.3,18
105,,,SI,interview,01/11/2022 09:47,Yes,4,1,Checked,Not checked,Not checked,Not checked,Not checked,Not checked,,"Yes, with people from different countries and regions",United States,,7,87,78,85,,,,,,8,,,,,,,,,,11,Treatment (image),"Yes, I agree",1,21,18,43,,,,83,,01/11/2022 09:49,0,0,4,4,0,0,1.66,75
106,,,SI,interview,01/11/2022 09:48,Yes,0 - 1,2,Checked,Checked,Not checked,Not checked,Not checked,Not checked,,"Yes, with people from different countries and regions",Netherlands,,9,91,91,96,81,76,8,91,96,9,Interacting with students of all nationalities.,,23,Woman,Hertie School,,MPP,2º,Upper-middle income,12,Treatment (image),"Yes, I agree",17,34,63,76,62,15,25,292,,01/11/2022 09:52,1,0,7,7,0,0,0.79,5
107,,,SI,interview,01/11/2022 09:48,,,,,,,,,,,,,,,,,,,,,,,,,,,,,,,,,,,"Yes, I agree",16,,,,,,,16,,01/11/2022 09:48,0,0,1,1,0,0,0.38,0
108,,,SI,interview,01/11/2022 09:49,Yes,0 - 1,3,Checked,Not checked,Checked,Not checked,Not checked,Checked,Italian,"Yes, with people from different countries and regions",Italy,,9,72,91,91,100%,100%,9,87,100%,9,Interacting with students of all nationalities.,,24,Woman,Hertie School,,MIA,2º,Low-middle income,12,Control,"Yes, I agree",4,41,,42,37,18,28,170,,01/11/2022 09:51,1,0,7,7,0,0,1.16,9
109,,,SI,interview,01/11/2022 09:49,No,5+,2,Checked,Not checked,Not checked,Checked,Not checked,Not checked,,"Yes, with people from different countries and regions",Peru,,5,67,52,31,45,2,5,51,37,5,Mainly interacting with conationals and/or same region as me.,,31,Woman,Hertie School,,MPP,2º,Low-middle income,13,Control,"Yes, I agree",4,29,,48,31,12,16,140,,01/11/2022 09:52,1,0,7,7,0,0,1.45,22
110,,,SI,interview,01/11/2022 09:56,Yes,3,4,Checked,Checked,Checked,Not checked,Not checked,Checked,Italian,"Yes, with people from my home country/region",Germany,,8,100%,81,100%,75,100%,6,100%,100%,8,,Interacting with students of all nationalities,25,Woman,Hertie School,,Publicpolicy,2º,Upper-middle income,13,Treatment (image),"Yes, I agree",3,31,6,44,40,17,39,180,,01/11/2022 09:59,1,0,7,7,0,0,1.34,20
111,,,SI,interview,01/11/2022 09:57,Yes,2,3,Checked,Checked,Not checked,Checked,Not checked,Not checked,,"Yes, with people from different countries and regions",Colombia,,6,100%,81,100%,71,81,6,71,76,6,Interacting with students of all nationalities.,,25,Man,Hertie School,,Master,1º,Upper-middle income,14,Control,"Yes, I agree",3,65,,472,97,26,51,296,,01/11/2022 10:09,1,0,7,7,0,0,0.75,8
113,,,SI,interview,01/11/2022 09:58,,,,,,,,,,,,,,,,,,,,,,,,,,,,,,,,,,,"Yes, I agree",133,,,,,,,6,,01/11/2022 10:00,0,0,1,1,0,0,0.05,0
114,,,SI,interview,01/11/2022 09:58,,,,,,,,,,,,,,,,,,,,,,,,,,,,,,,,,,,"Yes, I agree",11,,,,,,,11,,01/11/2022 09:58,0,0,1,1,0,0,0.55,0
116,,,SI,interview,01/11/2022 10:04,Yes,0 - 1,3,Checked,Not checked,Checked,Not checked,Not checked,Checked,Russian,No,Canada,,9,95,94,99,90,96,9,90,96,9,Interacting with students of all nationalities.,,24,Man,Hertie School,,MIA,1º,Low-middle income,14,Treatment (image),"Yes, I agree",3,34,51,41,39,15,24,207,,01/11/2022 10:07,1,0,7,7,0,0,1.18,15
117,,,SI,interview,01/11/2022 10:05,Yes,5+,3,Checked,Not checked,Not checked,Checked,Not checked,Checked,Portuguese,No,El Salvador,,8,100%,81,71,61,61,7,81,51,7,Mainly interacting with conationals and/or same region as me.,,30,Woman,Hertie School,,MPP,2º,Low-middle income,15,Control,"Yes, I agree",13,46,,111,71,36,36,313,,01/11/2022 10:10,1,0,7,7,0,0,0.61,0
118,,,SI,interview,01/11/2022 10:08,Yes,2,4,Checked,Checked,Not checked,Not checked,Checked,Checked,Marathi,No,India,,5,91,51,51,,76,3,91,76,5,Interacting with other international students but hardly with Germans.,,22,Woman,SRH University of Applied Sciences Berlin,,BACreativeIndustriesManagement,4º,Upper-middle income,28,Control,"Yes, I agree",304,13081,,185,163,56,82,184,,01/11/2022 13:59,1,0,7,7,0,0,0.21,0
119,,,SI,interview,01/11/2022 10:08,Yes,0 - 1,4,Checked,Checked,Checked,Checked,Not checked,Not checked,,"Yes, with people from different countries and regions",France,,,,,,,,,,,,,,,,,,,,,15,Treatment (image),"Yes, I agree",6,37,9,,,,,52,,01/11/2022 10:09,0,0,3,3,0,0,1.1,6
120,,,SI,interview,01/11/2022 10:09,Yes,4,3,Checked,Not checked,Checked,Not checked,Not checked,Checked,Irish,"Yes, with people from my home country/region",Ireland,,10,100%,100%,100%,80,96,10,77,71,9,Interacting with students of all nationalities.,,24,Woman,Hertie School,,Policy,2º,Upper-middle income,16,Control,"Yes, I agree",13,63,,27,35,26,19,183,,01/11/2022 10:12,1,0,7,7,0,0,1.07,13
121,,,SI,interview,01/11/2022 10:22,No,5+,2,Checked,Not checked,Not checked,Checked,Not checked,Not checked,,"Yes, with people from my home country/region",Colombia,,10,61,61,91,100%,100%,10,71,81,10,Mainly interacting with conationals and/or same region as me.,,30,Man,Hertie School,,Mpp,1º,Low-middle income,18,Control,"Yes, I agree",5,952,,74,55,31,51,252,,01/11/2022 10:42,1,0,7,7,0,0,0.65,2
122,,,SI,interview,01/11/2022 10:27,Yes,4,3,Checked,Not checked,Checked,Not checked,Not checked,Checked,"Mandarin Chinese, Lithuanian",No,Lithuania,,10,100%,100%,100%,100%,100%,8,100%,100%,10,Interacting with other international students but hardly with Germans.,,25,Woman,Hertie School,,Publicpolicy,2º,Upper-middle income,16,Treatment (image),"Yes, I agree",6,52,21,31,28,16,20,174,,01/11/2022 10:29,1,0,7,7,0,0,1.16,13
124,,,SI,interview,01/11/2022 10:29,,,,,,,,,,,,,,,,,,,,,,,,,,,,,,,,,,,"Yes, I agree",3,191841,,,,,,39,,03/11/2022 15:46,0,0,2,2,0,0,1,25
125,,,SI,interview,01/11/2022 10:31,Yes,2,3,Checked,Checked,Not checked,Checked,Not checked,Not checked,,No,United States,,10,100%,91,81,100%,100%,8,100%,81,10,Interacting with other international students but hardly with Germans.,,27,Man,Hertie School,,MPP,2º,Upper-middle income,17,Treatment (image),"Yes, I agree",7,43,141,107,69,105,18,279,,01/11/2022 10:39,1,0,7,7,0,0,0.65,4
126,,,SI,interview,01/11/2022 10:35,No,4,4,Checked,Checked,Checked,Not checked,Not checked,Checked,Italian,No,France,,5,100%,51,81,41,100%,5,100%,100%,7,Interacting with students of all nationalities.,,23,Man,Hertie School,,MIA,2º,High income,17,Control,"Yes, I agree",3,26,,41,26,19,14,129,,01/11/2022 10:37,1,0,7,7,0,0,1.55,28
127,,,SI,interview,01/11/2022 10:36,Yes,0 - 1,4,Checked,Checked,Checked,Checked,Not checked,Not checked,,"Yes, with people from different countries and regions",France,,10,100%,100%,99,100%,100%,10,100%,91,10,Interacting with students of all nationalities.,,24,Woman,Hertie School,,MIA,5º,Upper-middle income,18,Treatment (image),"Yes, I agree",9,27,10,31,30,33,26,166,,01/11/2022 10:39,1,0,7,7,0,0,1.13,11
128,,,SI,interview,01/11/2022 10:38,Yes,2,3,Checked,Not checked,Not checked,Checked,Not checked,Checked,Portuguese,"Yes, with people from different countries and regions",Brazil,,8,100%,81,81,100%,100%,8,91,81,8,Interacting with other international students but hardly with Germans.,,25,Woman,Hertie School,,MPP,2º,Upper-middle income,19,Control,"Yes, I agree",12,41,,81,51,25,18,228,,01/11/2022 10:42,1,0,7,7,0,0,0.87,4
129,,,SI,interview,01/11/2022 10:39,Yes,5+,4,Checked,Not checked,Checked,Checked,Not checked,Checked,Swedish,"Yes, with people from different countries and regions",Sweden,,10,100%,99,100%,100,100%,10,87,100%,10,Interacting with other international students but hardly with Germans.,,28,Woman,Hertie School,,PublicPolicy,1º,Upper-middle income,19,Treatment (image),"Yes, I agree",40,28,118,51,213,29,18,182,,01/11/2022 10:48,1,0,7,7,0,0,0.72,6
130,,,SI,interview,01/11/2022 10:43,Yes,3,1,Checked,Not checked,Not checked,Not checked,Not checked,Not checked,,"Yes, with people from different countries and regions",United States,,6,36,69,53,65,98,7,84,64,8,Interacting with students of all nationalities.,,27,Man,Hertie School,,MIA,2º,Upper-middle income,20,Treatment (image),"Yes, I agree",5,27,9,33,22,26,14,136,,01/11/2022 10:45,1,0,7,7,0,0,1.43,23
131,,,SI,interview,01/11/2022 10:44,Yes,2,3,Checked,Not checked,Checked,Not checked,Not checked,Checked,Arabic,"Yes, with people from different countries and regions",Lebanon,,10,,100%,100%,100%,100%,10,50,100%,10,Interacting with students of all nationalities.,,25,Woman,Hertie School,,MPP,1º,Upper-middle income,20,Control,"Yes, I agree",5,49,,31,45,18,15,163,,01/11/2022 10:47,1,0,7,7,0,0,1.27,17
132,,,SI,interview,01/11/2022 10:53,No,5+,3,Checked,Not checked,Not checked,Checked,Not checked,Checked,Portuguese,No,Brazil,,6,100%,100%,100%,,,,,,8,,,,,,,,,,21,Treatment (image),"Yes, I agree",4,43,10,42,,,,99,,01/11/2022 10:55,0,0,4,4,0,0,1.21,12
133,,,SI,interview,01/11/2022 10:58,Yes,5+,3,Checked,Not checked,Checked,Not checked,Not checked,Checked,Italian,No,United Kingdom,,7,100%,91,100%,,,,,,10,,,,,,,,,,21,Control,"Yes, I agree",4,26,,41,,,,71,,01/11/2022 10:59,0,0,4,4,0,0,1.4,20
135,,,SI,interview,01/11/2022 11:03,Yes,0 - 1,3,Checked,Checked,Not checked,Not checked,Checked,Not checked,,"Yes, with people from different countries and regions",India,,7,91,51,86,76,86,7,51,51,7,Interacting with students of all nationalities.,,24,Woman,Hertie School,,PublicPolicy,2º,Upper-middle income,22,Treatment (image),"Yes, I agree",22,51,83,139,67,40,29,275,,01/11/2022 11:10,1,0,7,7,0,0,0.51,0
136,,,SI,interview,01/11/2022 11:10,No,5+,1,Checked,Not checked,Not checked,Not checked,Not checked,Not checked,,No,United Kingdom,,8,91,91,92,91,71,8,71,86,8,Interacting with students of all nationalities.,,30,Woman,Hertie School,,MPP,2º,Upper-middle income,22,Control,"Yes, I agree",6,19,,63,46,15,24,173,,01/11/2022 11:13,1,0,7,7,0,0,1.21,13
137,,,SI,interview,01/11/2022 11:19,,,,,,,,,,,,,,,,,,,,,,,,,,,,,,,,,,,"Yes, I agree",20,,,,,,,20,,01/11/2022 11:19,0,0,1,1,0,0,0.3,0
139,,,SI,interview,01/11/2022 11:31,No,3,3,Checked,Not checked,Not checked,Not checked,Checked,Checked,Kannada,No,India,,5,81,100%,81,,,,,,10,,,,,,,,,,23,Control,"Yes, I agree",157,34,,39,,,,79,,01/11/2022 11:35,0,0,4,4,0,0,0.83,7
141,,,SI,interview,01/11/2022 11:44,No,0 - 1,2,Checked,Not checked,Not checked,Checked,Not checked,Not checked,,"Yes, with people from different countries and regions",United States,,9,100%,96,100%,92,100%,10,100%,100%,10,Interacting with other international students but hardly with Germans.,,23,Woman,Hertie School,,Mia,1º,Upper-middle income,23,Treatment (image),"Yes, I agree",10,46,4,34,20,38,23,175,,01/11/2022 11:47,1,0,7,7,0,0,1.38,26
142,,,SI,interview,01/11/2022 11:59,No,0 - 1,2,Checked,Not checked,Not checked,Not checked,Checked,Not checked,,"Yes, with people from different countries and regions",India,,5,51,56,100%,81,100%,8,71,80,8,Interacting with students of all nationalities.,,23,Man,Hertie School,,MIA,1º,Low-middle income,24,Control,"Yes, I agree",2,36,,61,44,27,36,206,,01/11/2022 12:02,1,0,7,7,0,0,1.23,17
143,,,SI,interview,01/11/2022 12:04,No,0 - 1,3,Checked,Not checked,Checked,Checked,Not checked,Not checked,,"Yes, with people from different countries and regions",France,,7,51,51,71,31,21,5,21,51,7,Interacting with other international students but hardly with Germans.,,22,Woman,Hertie School,,PublicPolicy,5º,Upper-middle income,24,Treatment (image),"Yes, I agree",18,47,41,42,57,23,31,259,,01/11/2022 12:08,1,0,7,7,0,0,0.75,2
144,,,SI,interview,01/11/2022 12:07,No,4,2,Checked,Not checked,Not checked,Checked,Not checked,Not checked,,"Yes, with people from different countries and regions",Mexico,,8,71,100%,71,51,100%,7,100%,86,7,Interacting with students of all nationalities.,,31,Woman,Hertie School,,MIA,2º,Low-middle income,25,Control,"Yes, I agree",19,44,,53,49,26,21,212,,01/11/2022 12:10,1,0,7,7,0,0,0.85,3
145,,,SI,interview,01/11/2022 12:28,No,3,1,Not checked,Not checked,Not checked,Checked,Not checked,Not checked,,"Yes, with people from my home country/region",Peru,,10,100%,100%,96,79,80,9,90,86,7,Mainly interacting with conationals and/or same region as me.,,24,Woman,Hertie School,,MPP,1º,Upper-middle income,25,Treatment (image),"Yes, I agree",2,48,12,79,34,31,31,237,,01/11/2022 12:32,1,0,7,7,0,0,1.17,15
146,,,SI,interview,01/11/2022 12:40,Yes,5+,3,Checked,Not checked,Not checked,Checked,Not checked,Checked,Portuguese,No,Brazil,,4,92,42,33,50,83,6,71,74,6,Interacting with other international students but hardly with Germans.,,32,Man,Hertie School,,MDS,1º,Low-middle income,26,Treatment (image),"Yes, I agree",5,27,33,39,45,20,23,192,,01/11/2022 12:43,1,0,7,7,0,0,1.06,9
147,,,SI,interview,01/11/2022 12:59,Yes,5+,2,Checked,Checked,Not checked,Not checked,Not checked,Not checked,,"Yes, with people from different countries and regions",Switzerland,,10,100%,100%,100%,100%,100%,10,100%,100%,10,Interacting with students of all nationalities.,,28,Man,Hertie School,,MPP,1º,Low-middle income,26,Control,"Yes, I agree",3,34,,31,25,17,43,153,,01/11/2022 13:02,1,0,7,7,0,0,1.38,22
149,,,SI,interview,01/11/2022 13:36,No,2,2,Checked,Not checked,Not checked,Not checked,Checked,Not checked,,"Yes, with people from different countries and regions",India,,5,41,51,26,31,21,4,21,51,5,Mainly interacting with conationals and/or same region as me.,,24,Man,Hochschule für Technik und Wirtschaft Berlin,,MBAE,2º,Low-middle income,27,Treatment (image),"Yes, I agree",8,50,12,64,50,15,42,241,,01/11/2022 13:40,1,0,7,7,0,0,0.89,4
152,,,SI,interview,01/11/2022 13:39,No,3,2,Checked,Not checked,Not checked,Not checked,Checked,Not checked,,"Yes, with people from my home country/region",India,,7,100%,100%,91,71,76,5,81,100%,8,Mainly interacting with conationals and Germans.,,25,Man,Hochschule für Technik und Wirtschaft Berlin,,MBAE,4º,Upper-middle income,27,Control,"Yes, I agree",9,36,,80,57,35,82,244,,01/11/2022 13:44,1,0,7,7,0,0,0.67,0
154,,,SI,interview,01/11/2022 13:43,No,4,3,Checked,Checked,Not checked,Not checked,Not checked,Checked,"Ukrainian, Russian","Yes, with people from different countries and regions",Ukraine,,3,76,71,91,50,100%,5,76,41,7,Mainly interacting with conationals and/or same region as me.,,24,Man,Humboldt-Universität zu Berlin,,Jura,2º,Upper-middle income,28,Treatment (image),"Yes, I agree",24,95,19,138,38,35,22,228,,01/11/2022 13:49,1,0,7,7,0,0,0.65,2
156,,,SI,interview,01/11/2022 13:58,Yes,4,2,Checked,Checked,Not checked,Not checked,Not checked,Not checked,,"Yes, with people from my home country/region",Germany,,7,36,41,82,35,71,5,56,71,7,,Mainly interacting with conationals and/or same region as me.,29,Man,Hertie School,,MPP,2º,Low-middle income,29,Control,"Yes, I agree",166,44,,406,70,31,83,232,,01/11/2022 14:11,1,0,7,7,0,0,0.43,0
157,,,SI,interview,01/11/2022 14:02,Yes,4,5,Checked,Checked,Checked,Checked,Not checked,Checked,Italian,No,Colombia,,3,81,100%,81,71,100%,6,71,71,6,Mainly interacting with conationals and/or same region as me.,,30,Man,Hertie School,,MPP,1º,High income,29,Treatment (image),"Yes, I agree",16,91,82,185,156,32,21,209,,01/11/2022 14:12,1,0,7,7,0,0,0.49,2
159,,,SI,interview,01/11/2022 14:11,No,0 - 1,1,Checked,Not checked,Not checked,Not checked,Not checked,Not checked,,"Yes, with people from my home country/region",United States,,8,100%,81,100%,81,100%,8,51,86,8,Interacting with other international students but hardly with Germans.,,21,Man,Hertie School,,MPP,2º,Upper-middle income,30,Treatment (image),"Yes, I agree",4,84,69,65,70,92,40,307,,01/11/2022 14:18,1,0,7,7,0,0,0.63,4
160,,,SI,interview,01/11/2022 14:20,No,5+,1,Checked,Not checked,Not checked,Not checked,Not checked,Not checked,,"Yes, with people from different countries and regions",United States,,10,100%,100%,100%,100%,100%,10,100%,100%,10,Mainly interacting with conationals and/or same region as me.,,32,Man,Hertie School,,MPP,3º,Low-middle income,30,Control,"Yes, I agree",2,17,,19,12,18,17,85,,01/11/2022 14:22,1,0,7,7,0,0,2.3,67
161,,,SI,interview,01/11/2022 14:34,,,,,,,,,,,,,,,,,,,,,,,,,,,,,,,,,,,"No, I do not agree",19,,,,,,,19,,01/11/2022 14:35,1,0,1,1,0,0,0.32,0
162,,,SI,interview,01/11/2022 14:35,Yes,0 - 1,3,Checked,Checked,Not checked,Checked,Not checked,Not checked,,"Yes, with people from different countries and regions",Spain,,10,100%,100%,100%,100%,100%,10,100%,100%,10,Interacting with students of all nationalities.,,24,Woman,Universität Potsdam,,Master,2º,Low-middle income,31,Treatment (image),"Yes, I agree",1,107,84,39,61,33,92,209,,01/11/2022 14:42,1,0,7,7,0,0,0.93,38
163,,,SI,interview,01/11/2022 14:54,No,0 - 1,3,Checked,Checked,Not checked,Not checked,Checked,Not checked,,"Yes, with people from my home country/region",India,,8,96,86,91,76,81,8,67,86,9,Interacting with other international students but hardly with Germans.,,20,Man,Technische Universität Berlin,,Studienkolleg,1º,Upper-middle income,31,Control,"Yes, I agree",7,43,,89,54,23,20,236,,01/11/2022 14:58,1,0,7,7,0,0,0.89,3
164,,,SI,interview,01/11/2022 15:12,No,0 - 1,2,Checked,Not checked,Not checked,Not checked,Not checked,Checked,Italian,"Yes, with people from different countries and regions",Italy,,10,100%,100%,100%,100%,100%,10,100%,100%,10,Interacting with other international students but hardly with Germans.,,23,Man,Hertie School,,InternationalAffairs,1º,Upper-middle income,32,Control,"Yes, I agree",6,32,,38,22,22,25,145,,01/11/2022 15:14,1,0,7,7,0,0,1.23,12
166,,,SI,interview,01/11/2022 15:58,No,5+,2,Checked,Not checked,Not checked,Not checked,Checked,Not checked,,No,India,,10,20,100%,100%,100%,100%,10,100%,100%,10,Interacting with students of all nationalities.,,35,Prefer not to respond,Hertie School,,EMPA,1º,High income,32,Treatment (image),"Yes, I agree",4,22,6,38,21,19,25,135,,01/11/2022 16:00,1,0,7,7,0,0,1.52,26
167,,,SI,interview,01/11/2022 16:23,Yes,0 - 1,4,Checked,Checked,Checked,Not checked,Not checked,Checked,Mandarin Chinese,"Yes, with people from different countries and regions",China,,5,100%,41,100%,41,100%,6,100%,61,4,Interacting with other international students but hardly with Germans.,,20,Woman,Freie Universität Berlin,,Rechtswissenschaft,1º,Upper-middle income,33,Control,"Yes, I agree",3,24,,1107,115,25,24,168,,01/11/2022 16:44,1,0,7,7,0,0,0.99,14
169,,,SI,interview,01/11/2022 16:46,,,,,,,,,,,,,,,,,,,,,,,,,,,,,,,,,,,"No, I do not agree",5,,,,,,,5,,01/11/2022 16:46,1,0,1,1,0,0,1.2,10
170,,,SI,interview,01/11/2022 16:46,,,,,,,,,,,,,,,,,,,,,,,,,,,,,,,,,,,"No, I do not agree",4,,,,,,,4,,01/11/2022 16:46,1,0,1,1,0,0,1.5,25
171,,,SI,interview,01/11/2022 16:46,Yes,2,4,Checked,Checked,Not checked,Not checked,Checked,Checked,"Arabic, Japanese","Yes, with people from different countries and regions",Honduras,,,,,,,,,,,,,,,,,,,,,33,Treatment (image),"Yes, I agree",1,48,5,,,,,54,,01/11/2022 16:47,0,0,3,3,0,0,2.05,107
173,,,SI,interview,01/11/2022 18:40,Yes,5+,3,Checked,Checked,Checked,Not checked,Not checked,Not checked,,"Yes, with people from different countries and regions",Switzerland,,5,81,51,35,21,21,5,16,36,5,Interacting with students of all nationalities.,,24,Man,Humboldt-Universität zu Berlin,,EvangelischeTheologieSoziologieBachelor,3º,Upper-middle income,34,Treatment (image),"Yes, I agree",19,43,73,63,35,32,38,303,,01/11/2022 18:45,1,0,7,7,0,0,0.67,1
178,,,SI,interview,02/11/2022 00:18,Yes,0 - 1,2,Checked,Not checked,Checked,Not checked,Not checked,Not checked,,No,Ireland,,10,100%,100%,100%,91,100%,9,100,100%,9,Interacting with other international students but hardly with Germans.,,23,Man,Hertie School,,MPP,2º,High income,34,Control,"Yes, I agree",6,35,,559,41,19,35,190,,02/11/2022 00:30,1,0,7,7,0,0,0.84,2
180,,,SI,interview,02/11/2022 15:36,Yes,3,1,Checked,Not checked,Not checked,Not checked,Not checked,Not checked,,"Yes, with people from different countries and regions",United States,,6,81,81,76,75,100%,8,82,81,8,Interacting with students of all nationalities.,,25,Man,Hertie School,,MDS,1º,Low-middle income,35,Treatment (image),"Yes, I agree",4,22,9,31,27,1235,17,133,,02/11/2022 15:58,1,0,7,7,0,0,1.32,23
182,,,SI,interview,02/11/2022 16:21,No,,0,Not checked,Not checked,Not checked,Not checked,Not checked,Not checked,,,India,,,,,,,,,,,,,,,,,,,,,,,"Yes, I agree",2,14,,,,,,16,,02/11/2022 16:21,0,0,2,2,50,50,2.79,89
184,,,SI,interview,02/11/2022 16:24,No,0 - 1,3,Checked,Checked,Not checked,Not checked,Not checked,Checked,Italian,"Yes, with people from my home country/region",Italy,,,51,,81,51,100%,,100%,53,,Interacting with other international students but hardly with Germans.,,22,Man,Hertie School,,MPP,1º,Upper-middle income,35,Control,"Yes, I agree",3,42,,44,32,20,18,159,,02/11/2022 16:26,1,0,7,7,0,0,1.32,17
185,,,SI,interview,02/11/2022 16:24,No,4,3,Checked,Checked,Not checked,Checked,Not checked,Not checked,,No,Peru,,4,72,72,89,52,100%,4,69,61,7,Interacting with students of all nationalities.,,26,Man,Hertie School,,MPP,2º,Upper-middle income,36,Treatment (image),"Yes, I agree",2,220,77,69,38,34,13,204,,02/11/2022 16:32,1,0,7,7,0,0,1.12,22
186,,,SI,interview,02/11/2022 16:30,No,5+,2,Checked,Not checked,Not checked,Not checked,Checked,Not checked,,"Yes, with people from my home country/region",India,,5,76,21,100%,31,100%,6,51,76,8,Interacting with other international students but hardly with Germans.,,30,Man,Hertie School,,MPP,2º,Upper-middle income,36,Control,"Yes, I agree",13,31,,73,42,39,16,214,,02/11/2022 16:33,1,0,7,7,0,0,0.92,7
187,,,SI,interview,02/11/2022 16:31,No,2,3,Checked,Not checked,Not checked,Not checked,Checked,Checked,Telugu,"Yes, with people from different countries and regions",India,,8,100%,76,89,60,70,7,78,75,8,Interacting with students of all nationalities.,,27,Woman,Akkon Hochschule für Humanwissenschaften,,Mpp,1º,Upper-middle income,37,Control,"Yes, I agree",12,49,,176,18,25,21,179,,02/11/2022 16:36,1,0,7,7,0,0,0.98,12
188,,,SI,interview,02/11/2022 16:31,No,2,4,Checked,Checked,Checked,Not checked,Not checked,Checked,norwegian,"Yes, with people from different countries and regions",United Kingdom,,,,,,,,,,,,,,,,,,,,,37,Treatment (image),"Yes, I agree",5,62,7,,,,,74,,02/11/2022 16:33,0,0,3,3,0,0,1.16,15
189,,,SI,interview,02/11/2022 16:32,,,,,,,,,,,,,,,,,,,,,,,,,,,,,,,,,,,"Yes, I agree",12,104843,,,,,,48,,02/11/2022 16:32,0,0,1,2,0,0,0.25,0
190,,,SI,interview,02/11/2022 16:32,,,,,,,,,,,,,,,,,,,,,,,,,,,,,,,,,,,"No, I do not agree",3,,,,,,,3,,02/11/2022 16:32,1,0,1,1,0,0,2,50
191,,,SI,interview,02/11/2022 16:32,Yes,5+,4,Checked,Checked,Checked,Checked,Not checked,Not checked,,No,Mexico,,,,,,,,,,,,,,,,,,,,,38,Control,"Yes, I agree",3,32,,,,,,35,,02/11/2022 16:33,0,0,2,2,0,0,1.56,28
192,,,SI,interview,02/11/2022 16:43,No,3,2,Checked,Checked,Not checked,Not checked,Not checked,Not checked,,"Yes, with people from different countries and regions",Germany,,2,51,21,96,21,78,2,62,17,4,,Mainly interacting with conationals and/or same region as me.,26,Man,Technische Universität Berlin,,CivilEngineering,5º,Upper-middle income,38,Treatment (image),"Yes, I agree",12,28,8,69,53,41,32,243,,02/11/2022 16:47,1,0,7,7,0,0,0.88,6
193,,,SI,interview,02/11/2022 16:43,No,3,2,Checked,Not checked,Not checked,Not checked,Checked,Not checked,,"Yes, with people from different countries and regions",India,,,,,,,,,,,,,,,,,,,,,39,Treatment (image),"Yes, I agree",3,35,,,,,,38,,02/11/2022 16:43,0,0,2,2,0,0,1.51,26
194,,,SI,interview,02/11/2022 16:44,,,,,,,,,,,,,,,,,,,,,,,,,,,,,,,,,,,"Yes, I agree",3,,,,,,,3,,02/11/2022 16:44,0,0,1,1,0,0,2,50
195,,,SI,interview,02/11/2022 16:44,No,3,2,Checked,Not checked,Not checked,Not checked,Checked,Not checked,,"Yes, with people from different countries and regions",India,,6,100%,81,91,100%,51,8,61,76,9,Interacting with students of all nationalities.,,25,Woman,Hertie School,,PublicPolicy,1º,Upper-middle income,39,Control,"Yes, I agree",3,15,,72,45,24,19,178,,02/11/2022 16:47,1,0,7,7,0,0,1.4,24
196,,,SI,interview,02/11/2022 16:44,Yes,3,3,Checked,Checked,Checked,Not checked,Not checked,Not checked,,"Yes, with people from different countries and regions",United States,,8,87,88,100%,86,100%,9,97,100%,8,Interacting with students of all nationalities.,,26,Woman,Hertie School,,MIA,1º,Upper-middle income,40,Treatment (image),"Yes, I agree",11,46,7,75,29,19,21,208,,02/11/2022 16:48,1,0,7,7,0,0,1.08,11
198,,,SI,interview,02/11/2022 16:52,Yes,5+,2,Checked,Checked,Not checked,Not checked,Not checked,Not checked,,"Yes, with people from my home country/region",Germany,,10,97,100%,100%,,,,,,8,,,,,,,,,,40,Control,"Yes, I agree",6,35,,44,,,,85,,02/11/2022 16:54,0,0,4,4,0,0,1.09,4
201,,,SI,interview,02/11/2022 16:58,Yes,3,2,Checked,Checked,Not checked,Not checked,Not checked,Not checked,,No,United States,,8,100%,82,100%,77,100%,9,100%,100%,7,Interacting with students of all nationalities.,,26,Woman,Hertie School,,MIA,1º,Low-middle income,41,Control,"Yes, I agree",4,32,,59,42,21,21,179,,02/11/2022 17:01,1,0,7,7,0,0,1.14,8
203,,,SI,interview,02/11/2022 17:06,No,0 - 1,2,Checked,Not checked,Not checked,Not checked,Checked,Not checked,,"Yes, with people from my home country/region",India,,10,100%,50,75,56,75,7,50,100%,5,Mainly interacting with conationals and/or same region as me.,,21,Man,Hertie School,,MIA,2º,Low-middle income,41,Treatment (image),"Yes, I agree",4,28,7,39,21,16,17,132,,02/11/2022 17:08,1,0,7,7,0,0,1.53,27
204,,,SI,interview,02/11/2022 17:16,,,,,,,,,,,,,,,,,,,,,,,,,,,,,,,,,,,"Yes, I agree",3,,,,,,,3,,02/11/2022 17:16,0,0,1,1,0,0,2,50
206,,,SI,interview,02/11/2022 17:30,,,0,Not checked,Not checked,Not checked,Not checked,Not checked,Not checked,,,,,,,,,,,,,,,,,,,,,,,,,,"Yes, I agree",7,14,,,,,,21,,02/11/2022 17:30,0,0,2,2,83,83,1.71,39
207,,,SI,interview,02/11/2022 17:30,Yes,0 - 1,3,Checked,Not checked,Not checked,Checked,Not checked,Checked,Russian,"Yes, with people from different countries and regions",Peru,,,,,,,,,,,,,,,,,,,,,42,Control,"Yes, I agree",2,31,,13,,,,46,,02/11/2022 17:31,0,0,4,4,0,0,2.39,89
208,,,SI,interview,02/11/2022 17:39,Yes,5+,1,Checked,Not checked,Not checked,Not checked,Not checked,Not checked,,"Yes, with people from different countries and regions",United States,,4,100%,51,100%,100%,100%,5,100%,100%,6,Interacting with students of all nationalities.,,33,Non-binary,Hertie School,,MPP,2º,Low income,42,Treatment (image),"Yes, I agree",12,17,11,54,25,34,15,168,,02/11/2022 17:42,1,0,7,7,0,0,1.24,18
213,,,SI,interview,02/11/2022 18:09,Yes,2,2,Checked,Not checked,Checked,Not checked,Not checked,Not checked,,"Yes, with people from different countries and regions",Italy,,9,13,76,91,43,26,8,100%,100%,6,Interacting with students of all nationalities.,,23,Man,Hertie School,,MIA,1º,Upper-middle income,43,Control,"Yes, I agree",16,99,,78,69,32,53,284,,02/11/2022 18:15,1,0,7,7,0,0,0.53,0
215,,,SI,interview,02/11/2022 18:21,Yes,2,3,Checked,Checked,Not checked,Not checked,Not checked,Checked,Italian,"Yes, with people from different countries and regions",United States,,9,100%,100%,100%,91,100%,9,100%,100%,9,Interacting with students of all nationalities.,,22,Woman,Hertie School,,MPP,1º,Low income,43,Treatment (image),"Yes, I agree",4,43,20,46,23,20,17,173,,02/11/2022 18:24,1,0,7,7,0,0,1.21,15
217,,,SI,interview,02/11/2022 18:41,No,4,2,Checked,Checked,Not checked,Not checked,Not checked,Not checked,,"Yes, with people from different countries and regions",Germany,,5,100%,51,100%,51,100%,5,52,51,5,,Mainly interacting with conationals.,26,Woman,Humboldt-Universität zu Berlin,,Sportwissenschaften,3º,Low income,44,Control,"Yes, I agree",24,132,,177,135,200,90,202,,02/11/2022 18:53,1,0,7,7,0,0,0.25,0
219,,,SI,interview,02/11/2022 20:46,,,,,,,,,,,,,,,,,,,,,,,,,,,,,,,,,,,"No, I do not agree",7,,,,,,,7,,02/11/2022 20:46,1,0,1,1,0,0,0.86,0
220,,,SI,interview,02/11/2022 20:46,Yes,5+,2,Checked,Not checked,Not checked,Checked,Not checked,Not checked,,"Yes, with people from different countries and regions",Peru,,5,100%,52,100%,62,100%,6,77,76,8,Interacting with students of all nationalities.,,31,Woman,Hertie School,,Mpp,2º,Low-middle income,44,Treatment (image),"Yes, I agree",1,31,86,48,32,29,22,175,,02/11/2022 20:50,1,0,7,7,0,0,1.23,41
221,,,SI,interview,02/11/2022 20:50,Yes,5+,2,Checked,Not checked,Not checked,Checked,Not checked,Not checked,,"Yes, with people from different countries and regions",Colombia,,8,100%,90,100%,59,55,5,82,58,5,Interacting with students of all nationalities.,,26,Man,Hertie School,,MPA,1º,Upper-middle income,45,Treatment (image),"Yes, I agree",4,37,13,75,35,23,26,213,,02/11/2022 20:54,1,0,7,7,0,0,1.03,4
222,,,SI,interview,02/11/2022 20:51,No,5+,3,Checked,Checked,Not checked,Checked,Not checked,Not checked,,"Yes, with people from my home country/region",Peru,,9,100%,91,71,81,51,8,100%,100%,10,Interacting with students of all nationalities.,,34,Woman,Hertie School,,MPP,1º,Low-middle income,45,Control,"Yes, I agree",19,26,,96,75,23,28,267,,02/11/2022 20:55,1,0,7,7,0,0,0.79,3
223,,,SI,interview,02/11/2022 20:51,Yes,5+,4,Checked,Checked,Checked,Checked,Not checked,Not checked,,"Yes, with people from different countries and regions",Mexico,,2,70,45,100%,24,100%,4,68,100%,3,Interacting with other international students but hardly with Germans.,,30,Woman,Hertie School,,MPP,2º,Low-middle income,46,Control,"Yes, I agree",16,37,,56,37,30,22,198,,02/11/2022 20:54,1,0,7,7,0,0,0.89,2
225,,,SI,interview,02/11/2022 20:52,Yes,5+,3,Checked,Not checked,Checked,Checked,Not checked,Not checked,,"Yes, with people from my home country/region",Colombia,,5,49,51,89,13,70,5,32,74,5,Interacting with other international students but hardly with Germans.,,29,Prefer not to respond,Hertie School,,Mpp,2º,Low-middle income,46,Treatment (image),"Yes, I agree",14,21,9,41,33,22,28,168,,02/11/2022 20:55,1,0,7,7,0,0,1.14,11
226,,,SI,interview,02/11/2022 20:53,No,5+,2,Checked,Not checked,Not checked,Checked,Not checked,Not checked,,"Yes, with people from different countries and regions",Peru,,3,40,31,61,32,16,2,32,41,3,Mainly interacting with conationals and/or same region as me.,,31,Woman,Hertie School,,MPP,2º,Low-middle income,47,Treatment (image),"Yes, I agree",12,41,80,61,52,23,21,222,,02/11/2022 20:58,1,0,7,7,0,0,0.78,2
227,,,SI,interview,02/11/2022 20:54,Yes,3,3,Checked,Checked,Not checked,Checked,Not checked,Not checked,,"Yes, with people from different countries and regions",Colombia,,7,72,73,91,76,65,4,71,59,6,Interacting with other international students but hardly with Germans.,,32,Woman,Hertie School,,PublicPolicy,2º,Upper-middle income,47,Control,"Yes, I agree",5,31,,57,45,22,44,204,,02/11/2022 20:58,1,0,7,7,0,0,0.97,3
229,,,SI,interview,02/11/2022 21:04,Yes,0 - 1,2,Checked,Not checked,Not checked,Checked,Not checked,Not checked,,No,United States,,8,64,73,64,67,76,6,70,85,8,Mainly interacting with conationals and Germans.,,26,Woman,Hertie School,,MPP,2º,Low income,48,Control,"Yes, I agree",4,29,,32,23,16,11,115,,02/11/2022 21:06,1,0,7,7,0,0,1.66,33
231,,,SI,interview,02/11/2022 21:14,No,5+,3,Checked,Not checked,Not checked,Checked,Not checked,Checked,Portuguese,"Yes, with people from different countries and regions",Brazil,,8,11,92,99,,,,,,9,,,,,,,,,,48,Treatment (image),"Yes, I agree",4,33,8,65,47778,,,148,,03/11/2022 10:33,0,0,5,5,0,0,0.98,11
232,,,SI,interview,02/11/2022 21:55,Yes,5+,3,Checked,Not checked,Checked,Checked,Not checked,Not checked,,No,Mexico,,8,69,72,99,89,100%,8,100%,86,3,Interacting with other international students but hardly with Germans.,,29,Woman,Hertie School,,Mpp,2º,High income,49,Treatment (image),"Yes, I agree",444,33,5,34,37,17,16,148,,02/11/2022 22:05,1,0,7,7,0,0,1.31,22
238,,,SI,interview,02/11/2022 23:40,No,3,2,Checked,Not checked,Not checked,Checked,Not checked,Not checked,,No,Colombia,,7,61,66,24,30,77,3,88,92,5,Interacting with other international students but hardly with Germans.,,27,Woman,Hertie School,,MPP,2º,High income,49,Control,"Yes, I agree",6,36,,74,66,23,60,265,,02/11/2022 23:45,1,0,7,7,0,0,0.79,0
239,,,SI,interview,02/11/2022 23:48,No,0 - 1,2,Checked,Not checked,Not checked,Checked,Not checked,Not checked,,"Yes, with people from different countries and regions",,,,,,,,,,,,,,,,,,,,,,,,"Yes, I agree",11,74,,,,,,85,,02/11/2022 23:50,0,0,2,2,17,17,0.52,0
240,,,SI,interview,02/11/2022 23:49,Yes,5+,3,Checked,Not checked,Not checked,Checked,Not checked,Checked,Portuguese,"Yes, with people from different countries and regions",Brazil,,5,44,51,36,57,73,5,41,46,5,Interacting with other international students but hardly with Germans.,,29,Woman,Hertie School,,MPP,2º,Low-middle income,50,Control,"Yes, I agree",16,43,,61,32,24,39,215,,02/11/2022 23:52,1,0,7,7,0,0,0.82,2
242,,,SI,interview,02/11/2022 23:52,Yes,2,2,Checked,Not checked,Not checked,Checked,Not checked,Not checked,,"Yes, with people from my home country/region",Mexico,,10,71,81,100%,,,,,,8,,,,,,,,,,50,Treatment (image),"Yes, I agree",6,19,12,49,,,,86,,02/11/2022 23:53,0,0,4,4,0,0,1.25,12
243,,,SI,interview,02/11/2022 23:54,Yes,4,2,Checked,Not checked,Not checked,Checked,Not checked,Not checked,,"Yes, with people from different countries and regions",Costa Rica,,6,62,73,69,73,74,8,82,82,7,Interacting with students of all nationalities.,,27,Woman,Hertie School,,DataScienceforPublicPolicy,1º,Upper-middle income,51,Control,"Yes, I agree",39,23,,46,24,17,56,172,,02/11/2022 23:57,1,0,7,7,0,0,1.05,14
245,,,SI,interview,03/11/2022 01:10,,,,,,,,,,,,,,,,,,,,,,,,,,,,,,,,,,,"No, I do not agree",4,,,,,,,4,,03/11/2022 01:10,1,0,1,1,0,0,1.5,25
246,,,SI,interview,03/11/2022 01:11,Yes,2,3,Checked,Not checked,Not checked,Checked,Not checked,Checked,"Norwegian, Swedish","Yes, with people from different countries and regions",Norway,,10,100%,100%,100%,100%,100%,10,100%,100%,10,Interacting with students of all nationalities.,,28,Woman,Hertie School,,InternationalAffairs,2º,Upper-middle income,51,Treatment (image),"Yes, I agree",1,53,11,64,26,22,41,218,,03/11/2022 01:14,1,0,7,7,0,0,1.25,40
248,,,SI,interview,03/11/2022 09:59,No,5+,3,Checked,Checked,Not checked,Checked,Not checked,Not checked,,"Yes, with people from different countries and regions",Peru,,6,100%,81,100%,51,51,5,51,51,5,Interacting with students of all nationalities.,,37,Man,Hertie School,,Mpp,5º,Upper-middle income,52,Treatment (image),"Yes, I agree",14,45,9,74,74,44,39,299,,03/11/2022 10:04,1,0,7,7,0,0,0.72,2
249,,,SI,interview,03/11/2022 10:02,Yes,0 - 1,2,Checked,Not checked,Not checked,Checked,Not checked,Not checked,,No,United States,,6,72,78,76,58,85,7,71,82,6,Interacting with other international students but hardly with Germans.,,24,Man,Hertie School,,MPP,1º,High income,52,Control,"Yes, I agree",3,24,,5145,41,23,22,167,,03/11/2022 11:29,1,0,7,7,0,0,1.11,14
250,,,SI,interview,03/11/2022 14:41,Yes,3,3,Checked,Checked,Checked,Not checked,Not checked,Not checked,,"Yes, with people from different countries and regions",Switzerland,,9,100%,85,94,100%,100%,10,82,100%,0,Interacting with other international students but hardly with Germans.,,24,Woman,Hertie School,,MPP,1º,Low-middle income,53,Control,"Yes, I agree",6,50,,77,30,41,36,240,,03/11/2022 14:45,1,0,7,7,0,0,0.83,2
258,,,SI,interview,04/11/2022 10:29,No,0 - 1,1,Checked,Not checked,Not checked,Not checked,Not checked,Not checked,,"Yes, with people from different countries and regions",Indonesia,,10,100%,100%,100%,74,68,6,33,100%,10,Mainly interacting with conationals and/or same region as me.,,25,Woman,Hochschule für Wirtschaft und Recht Berlin,,GlobalSuppychain,2º,Upper-middle income,53,Treatment (image),"Yes, I agree",3,46,12,188,298,19,33,205,,04/11/2022 10:39,1,0,7,7,0,0,0.89,9
262,,,SI,interview,04/11/2022 10:49,,,,,,,,,,,,,,,,,,,,,,,,,,,,,,,,,,,"No, I do not agree",2,,,,,,,2,,04/11/2022 10:49,1,0,1,1,0,0,3,100
264,,,SI,interview,04/11/2022 10:49,No,0 - 1,2,Checked,Checked,Not checked,Not checked,Not checked,Not checked,,"Yes, with people from my home country/region",Germany,,10,100%,100%,100%,65,66,10,51,50,10,,Interacting with students of all nationalities,23,Woman,Hochschule für Wirtschaft und Recht Berlin,,GSCOM,2º,Upper-middle income,54,Treatment (image),"Yes, I agree",4,23,6,28,18,13,18,110,,04/11/2022 10:51,1,0,7,7,0,0,1.77,38
265,,,SI,interview,04/11/2022 11:07,No,0 - 1,1,Checked,Not checked,Not checked,Not checked,Not checked,Not checked,,"Yes, with people from my home country/region",India,,9,100%,89,100%,41,100%,8,,100%,9,Interacting with students of all nationalities.,,18,Man,Hochschule für Wirtschaft und Recht Berlin,,Masters,2º,Upper-middle income,54,Control,"Yes, I agree",11,27,,81,40,25,40,224,,04/11/2022 11:11,1,0,7,7,0,0,0.85,3
266,,,SI,interview,04/11/2022 11:10,No,0 - 1,1,Checked,Not checked,Not checked,Not checked,Not checked,Not checked,,No,Albania,,4,100%,32,41,0%,21,3,0%,21,3,Interacting with other international students but hardly with Germans.,,23,Woman,Hochschule für Wirtschaft und Recht Berlin,,Master,2º,Low-middle income,55,Treatment (image),"Yes, I agree",12,51,7,57,52,31,26,236,,04/11/2022 11:14,1,0,7,7,0,0,0.91,5
267,,,SI,interview,04/11/2022 13:17,No,3,2,Checked,Checked,Not checked,Not checked,Not checked,Not checked,,"Yes, with people from my home country/region",Germany,,5,81,73,70,72,53,5,68,64,8,,Mainly interacting with conationals.,25,Woman,,,,,,55,Control,"Yes, I agree",6,46,,47,74,19,49,241,,04/11/2022 13:20,0,0,6,7,0,0,0.87,3
269,,,SI,interview,04/11/2022 16:44,No,2,3,Checked,Checked,Not checked,Checked,Not checked,Not checked,,"Yes, with people from different countries and regions",Chile,,9,72,48,25,62,31,5,80,53,3,Interacting with other international students but hardly with Germans.,,24,Woman,Hertie School,,MIA,2º,Upper-middle income,56,Treatment (image),"Yes, I agree",11,28,80,82,144,23,31,225,,04/11/2022 16:51,1,0,7,7,0,0,0.68,2
270,,,SI,interview,04/11/2022 19:46,,,,,,,,,,,,,,,,,,,,,,,,,,,,,,,,,,,"Yes, I agree",10,,,,,,,10,,04/11/2022 19:46,0,0,1,1,0,0,0.6,0
273,,,SI,interview,05/11/2022 14:52,,,,,,,,,,,,,,,,,,,,,,,,,,,,,,,,,,,"Yes, I agree",40,,,,,,,6,,05/11/2022 14:53,0,0,1,1,0,0,0.15,0
274,,,SI,interview,05/11/2022 15:07,Yes,0 - 1,1,Checked,Not checked,Not checked,Not checked,Not checked,Not checked,,"Yes, with people from my home country/region",India,,8,68,67,78,77,67,8,75,71,8,Mainly interacting with conationals and/or same region as me.,,32,Woman,bbw Hochschule,,hjgjh,3º,Low-middle income,56,Control,"Yes, I agree",150,2988,,10,6,43,152,128,,05/11/2022 16:03,1,0,7,7,0,0,1.13,81
275,,,SI,interview,06/11/2022 11:13,No,0 - 1,3,Checked,Not checked,Checked,Checked,Not checked,Not checked,,"Yes, with people from different countries and regions",France,,9,59,43,49,47,45,4,43,44,6,Mainly interacting with conationals and/or same region as me.,,22,Woman,,,,,,57,Treatment (image),"Yes, I agree",4,99,9,11,8,10,,78,,06/11/2022 11:16,0,0,6,6,0,0,1.92,82
277,,,SI,interview,06/11/2022 13:51,No,0 - 1,1,Checked,Not checked,Not checked,Not checked,Not checked,Not checked,,"Yes, with people from different countries and regions",Argentina,,5,36,47,47,41,50,5,44,57,5,Mainly interacting with conationals and/or same region as me.,,22,Woman,,,,,,57,Control,"Yes, I agree",5,14,,7,8,10,,44,,06/11/2022 13:52,0,0,6,6,0,0,2.41,135
278,,,SI,interview,06/11/2022 18:49,,,,,,,,,,,,,,,,,,,,,,,,,,,,,,,,,,,"No, I do not agree",1,,,,,,,1,,06/11/2022 18:49,1,0,1,1,0,0,3,250
282,,,SI,interview,07/11/2022 14:40,No,5+,1,Checked,Not checked,Not checked,Not checked,Not checked,Not checked,,No,Brazil,,8,100%,91,100%,87,100%,9,88,89,8,Interacting with other international students but hardly with Germans.,,32,Man,Other,Hertie School,MPP,1º,Upper-middle income,58,Control,"Yes, I agree",10,18,,42,24,23,34,151,,07/11/2022 14:42,1,0,7,7,0,0,1.21,16
283,,,SI,interview,07/11/2022 14:40,Yes,0 - 1,4,Checked,Not checked,Checked,Checked,Not checked,Checked,Italian,No,Italy,,8,71,77,67,51,100%,9,100%,74,8,Mainly interacting with conationals and/or same region as me.,,23,Woman,Hertie School,,MIA,1º,Low-middle income,58,Treatment (image),"Yes, I agree",9,30,11,2275,37,18,32,191,,07/11/2022 15:20,1,0,7,7,0,0,0.88,4
284,,,SI,interview,07/11/2022 14:40,Yes,0 - 1,3,Checked,Not checked,Checked,Checked,Not checked,Not checked,,"Yes, with people from my home country/region",France,,8,16,100%,81,81,31,8,61,82,8,Interacting with other international students but hardly with Germans.,,21,Woman,Hertie School,,MIA,1º,Upper-middle income,59,Treatment (image),"Yes, I agree",11,20,5,53,66,25,32,212,,07/11/2022 14:43,1,0,7,7,0,0,1.16,16
285,,,SI,interview,07/11/2022 14:40,,,,,,,,,,,,,,,,,,,,,,,,,,,,,,,,,,,"Yes, I agree",4,,,,,,,4,,07/11/2022 14:40,0,0,1,1,0,0,1.5,25
286,,,SI,interview,07/11/2022 14:40,No,3,2,Checked,Not checked,Not checked,Not checked,Checked,Not checked,,"Yes, with people from my home country/region",India,,7,82,85,90,67,92,8,75,76,6,Interacting with students of all nationalities.,,27,Woman,Hertie School,,MasterofPublicPolicy,2º,Low-middle income,59,Control,"Yes, I agree",6,37,,64,86,28,40,261,,07/11/2022 14:44,1,0,7,7,0,0,0.79,0
287,,,SI,interview,07/11/2022 14:40,Yes,0 - 1,2,Checked,Checked,Not checked,Not checked,Not checked,Not checked,,No,Netherlands,,10,100%,100%,100%,100%,100%,10,61,100%,10,Interacting with students of all nationalities.,,24,Woman,Hertie School,,InternationalAffairs,2º,High income,60,Control,"Yes, I agree",3,23,,29,24,16,21,116,,07/11/2022 14:42,1,0,7,7,0,0,1.62,31
292,,,SI,interview,07/11/2022 14:44,,,,,,,,,,,,,,,,,,,,,,,,,,,,,,,,,,,"No, I do not agree",6,,,,,,,6,,07/11/2022 14:44,1,0,1,1,0,0,1,0
295,,,SI,interview,07/11/2022 14:44,Yes,0 - 1,4,Checked,Checked,Checked,Checked,Not checked,Not checked,,No,Germany,,6,100,71,71,52,61,7,52,76,7,,Interacting with students of all nationalities,21,Woman,Hertie School,,MIA,1º,Low-middle income,60,Treatment (image),"Yes, I agree",6,33,29,73,47,16,21,225,,07/11/2022 14:48,1,0,7,7,0,0,0.97,6
297,,,SI,interview,07/11/2022 14:46,,,,,,,,,,,,,,,,,,,,,,,,,,,,,,,,,,,"Yes, I agree",3,,,,,,,3,,07/11/2022 14:46,0,0,1,1,0,0,2,50
301,,,SI,interview,07/11/2022 14:56,No,5+,2,Checked,Not checked,Not checked,Checked,Not checked,Not checked,,No,Mexico,,10,100%,100%,100%,100%,100%,5,,100%,5,Interacting with students of all nationalities.,,26,Man,Hertie School,,MIA,1º,Low income,61,Treatment (image),"Yes, I agree",4,32,5,29,29,22,24,145,,07/11/2022 14:58,1,0,7,7,0,0,1.48,24
304,,,SI,interview,07/11/2022 15:01,Yes,3,2,Checked,Checked,Not checked,Not checked,Not checked,Not checked,,"Yes, with people from different countries and regions",United States,,,,,,,,,,,,,,,,,,,,,61,Control,"Yes, I agree",2,62,,,,,,64,,07/11/2022 15:02,0,0,2,2,0,0,1.79,50
305,,,SI,interview,07/11/2022 15:12,Yes,5+,2,Checked,Checked,Not checked,Not checked,Not checked,Not checked,,"Yes, with people from different countries and regions",United States,,,,,,,,,,,,,,,,,,,,,,,"Yes, I agree",11,43,,,,,,54,,07/11/2022 15:13,0,0,2,2,0,0,0.69,0
306,,,SI,interview,07/11/2022 15:21,Yes,0 - 1,1,Checked,Not checked,Not checked,Not checked,Not checked,Not checked,,"Yes, with people from different countries and regions",United States,,4,64,61,51,51,50,6,71,21,4,Mainly interacting with conationals and/or same region as me.,,23,Man,Hertie School,,MPP,2º,Upper-middle income,62,Control,"Yes, I agree",3,35,,51,33,19,26,167,,07/11/2022 15:24,1,0,7,7,0,0,1.25,12
309,,,SI,interview,07/11/2022 16:27,Yes,4,5,Checked,Checked,Checked,Checked,Not checked,Checked,Portuguese,"Yes, with people from my home country/region",Brazil,,5,91,81,100%,86,100%,8,76,100%,6,Interacting with students of all nationalities.,,27,Woman,Hertie School,,MPP,1º,Upper-middle income,62,Treatment (image),"Yes, I agree",21,67,41,86,61,18,23,317,,07/11/2022 16:33,1,0,7,7,0,0,0.69,3
313,,,SI,interview,07/11/2022 16:55,Yes,0 - 1,2,Checked,Not checked,Not checked,Not checked,Checked,Not checked,,"Yes, with people from different countries and regions",India,,7,26,81,81,76,100%,6,72,51,8,Mainly interacting with conationals and/or same region as me.,,26,Man,Hertie School,,MPP,1º,Upper-middle income,63,Control,"Yes, I agree",21,41,,65,32,31,24,214,,07/11/2022 16:59,1,0,7,7,0,0,0.84,3
315,,,SI,interview,07/11/2022 16:58,No,3,1,Checked,Not checked,Not checked,Not checked,Not checked,Not checked,,"Yes, with people from different countries and regions",Korea South,,,,,,,,,,,,,,,,,,,,,63,Treatment (image),"Yes, I agree",2,32,4,8191,,,,92,,07/11/2022 19:15,0,0,4,4,0,0,1.78,52
318,,,SI,interview,07/11/2022 17:04,,,,,,,,,,,,,,,,,,,,,,,,,,,,,,,,,,,"Yes, I agree",4,,,,,,,4,,07/11/2022 17:04,0,0,1,1,0,0,1.5,25
320,,,SI,interview,07/11/2022 17:13,Yes,5+,3,Checked,Checked,Not checked,Not checked,Not checked,Checked,"Italian, turkish, albanian","Yes, with people from different countries and regions",Albania,,10,100%,100%,100%,100%,100%,10,100%,100%,10,Interacting with students of all nationalities.,,35,Man,Hochschule für Technik und Wirtschaft Berlin,,Mpmd,1º,Low-middle income,64,Control,"Yes, I agree",4,85,,60,18,45,47,210,,07/11/2022 17:17,1,0,7,7,0,0,1,13
321,,,SI,interview,07/11/2022 17:13,No,5+,3,Checked,Not checked,Not checked,Not checked,Checked,Checked,"Malayalam , Tamil","Yes, with people from my home country/region",India,,6,100%,79,66,54,100%,7,0%,79,10,Interacting with other international students but hardly with Germans.,,30,Man,Hochschule für Technik und Wirtschaft Berlin,,MPMD,1º,Low-middle income,64,Treatment (image),"Yes, I agree",9,55,11,51,31,20,55,232,,07/11/2022 17:17,1,0,7,7,0,0,0.91,4
322,,,SI,interview,07/11/2022 17:30,No,4,3,Checked,Not checked,Not checked,Not checked,Checked,Checked,"Malayalam, Tamil","Yes, with people from my home country/region",India,,10,100%,89,91,100%,100%,9,100%,100%,10,Mainly interacting with conationals and/or same region as me.,,27,Woman,Hochschule für Technik und Wirtschaft Berlin,,MPMD,1º,Low-middle income,65,Treatment (image),"Yes, I agree",4,41,8,19,18,17,29,136,,07/11/2022 17:33,1,0,7,7,0,0,1.59,31
323,,,SI,interview,07/11/2022 18:54,Yes,0 - 1,3,Checked,Not checked,Not checked,Not checked,Checked,Checked,Telugu,No,India,,7,100%,81,81,71,71,7,100%,61,7,Interacting with students of all nationalities.,,22,Woman,Hertie School,,MPP,1º,Upper-middle income,65,Control,"Yes, I agree",22,36,,69,33,26,24,210,,07/11/2022 18:57,1,0,7,7,0,0,0.87,2
326,,,SI,interview,08/11/2022 00:04,No,3,1,Checked,Not checked,Not checked,Not checked,Not checked,Not checked,,"Yes, with people from different countries and regions",India,,5,58,52,100%,40,66,5,42,64,5,Interacting with other international students but hardly with Germans.,,55,Woman,,,,,,66,Treatment (image),"Yes, I agree",29,58,35,37,22,30,14,202,,08/11/2022 00:08,0,0,5,7,17,17,1.01,15
334,,,SI,interview,10/11/2022 11:53,No,2,2,Checked,Checked,Not checked,Not checked,Not checked,Not checked,,"Yes, with people from my home country/region",Germany,,4,35,51,64,26,100%,3,10,43,4,,Mainly interacting with conationals and/or same region as me.,20,Man,Freie Universität Berlin,,PoliticalScience,3º,Upper-middle income,66,Control,"Yes, I agree",8,31,,86,31,44,191,227,,10/11/2022 12:00,1,0,7,7,0,0,0.74,3
335,,,SI,interview,10/11/2022 11:53,,,,,,,,,,,,,,,,,,,,,,,,,,,,,,,,,,,"Yes, I agree",3,,,,,,,3,,10/11/2022 11:53,0,0,1,1,0,0,2,50
336,,,SI,interview,10/11/2022 11:53,,,,,,,,,,,,,,,,,,,,,,,,,,,,,,,,,,,"Yes, I agree",4,,,,,,,4,,10/11/2022 11:53,0,0,1,1,0,0,1.5,25
340,,,SI,interview,10/11/2022 12:14,,,,,,,,,,,,,,,,,,,,,,,,,,,,,,,,,,,"Yes, I agree",17,99370,,,,,,53,,11/11/2022 15:50,0,0,2,2,0,0,0.18,0
341,,,SI,interview,10/11/2022 12:16,,,,,,,,,,,,,,,,,,,,,,,,,,,,,,,,,,,"Yes, I agree",12,0,,,,,,12,,10/11/2022 12:16,0,0,2,2,0,0,1.75,250
344,,,SI,interview,10/11/2022 12:43,,,,,,,,,,,,,,,,,,,,,,,,,,,,,,,,,,,"Yes, I agree",16,,,,,,,16,,10/11/2022 12:43,0,0,1,1,0,0,0.38,0
346,,,SI,interview,10/11/2022 12:47,Yes,0 - 1,3,Checked,Checked,Not checked,Checked,Not checked,Not checked,,"Yes, with people from different countries and regions",Ecuador,,,,,,,,,,,,,,,,,,,,,67,Treatment (image),"Yes, I agree",3,47,13,,,,,63,,10/11/2022 12:49,0,0,3,3,0,0,1.23,17
347,,,SI,interview,10/11/2022 12:57,Yes,0 - 1,4,Checked,Checked,Checked,Checked,Not checked,Not checked,,"Yes, with people from different countries and regions",Germany,,5,100%,52,53,79,79,7,85,70,6,,"Interacting with students of all nationalities, but primarily from developed countries",21,Woman,Freie Universität Berlin,,PoliticalScience,4º,Upper-middle income,67,Control,"Yes, I agree",3,31,,52,32,16,42,176,,10/11/2022 13:00,1,0,7,7,0,0,1.24,15
349,,,SI,interview,10/11/2022 13:18,,,,,,,,,,,,,,,,,,,,,,,,,,,,,,,,,,,"Yes, I agree",4,6153,,,,,,40,,10/11/2022 15:01,0,0,2,2,0,0,0.75,13
350,,,SI,interview,10/11/2022 14:45,No,0 - 1,4,Checked,Checked,Checked,Not checked,Not checked,Checked,Hungarian,"Yes, with people from different countries and regions",Hungary,,8,100%,81,100%,64,100%,7,100%,100%,6,Interacting with students of all nationalities.,,23,Woman,Freie Universität Berlin,,Bachelor,3º,Upper-middle income,68,Control,"Yes, I agree",6,41,,41,32,31,23,174,,10/11/2022 14:48,1,0,7,7,0,0,1.05,6
353,,,SI,interview,10/11/2022 17:01,Yes,0 - 1,3,Checked,Checked,Not checked,Not checked,Not checked,Checked,Ukrainian,"Yes, with people from my home country/region",Ukraine,,8,91,91,100%,76,50,9,100%,91,9,Interacting with students of all nationalities.,,24,Woman,Freie Universität Berlin,,Politics,3º,Low-middle income,68,Treatment (image),"Yes, I agree",6,54,24,86,51,24,42,287,,10/11/2022 17:06,1,0,7,7,0,0,0.73,0
354,,,SI,interview,10/11/2022 21:04,Yes,5+,2,Checked,Not checked,Not checked,Checked,Not checked,Not checked,,No,Chile,,10,100%,100%,100%,73,100%,9,86,100%,7,Interacting with students of all nationalities.,,30,Woman,Humboldt-Universität zu Berlin,,MScAgriculturalEconomics,1º,Upper-middle income,69,Control,"Yes, I agree",18,35,,36,29,21,29,168,,10/11/2022 21:06,1,0,7,7,0,0,1.03,8
357,,,SI,interview,12/11/2022 15:02,No,5+,2,Checked,Not checked,Not checked,Checked,Not checked,Not checked,,"Yes, with people from different countries and regions",Chile,,8,100%,86,100%,63,100%,7,100%,84,7,Interacting with other international students but hardly with Germans.,,31,Man,Hochschule für Technik und Wirtschaft Berlin,,MasterInProjectManagementandDataScience,1º,Low-middle income,69,Treatment (image),"Yes, I agree",3,29,6,69,34,23,51,215,,12/11/2022 15:05,1,0,7,7,0,0,1.24,17
360,,,SI,interview,15/11/2022 11:16,Yes,4,2,Checked,Checked,Not checked,Not checked,Not checked,Not checked,,"Yes, with people from different countries and regions",Chile,,9,94,100%,100%,97,99,10,100%,100%,10,Interacting with students of all nationalities.,,30,Man,Hertie School,,mpp,1º,Upper-middle income,70,Treatment (image),"Yes, I agree",2,23,10,28,25,23,31,142,,15/11/2022 11:18,1,0,7,7,0,0,1.58,30
361,,,SI,interview,15/11/2022 11:55,Yes,5+,4,Checked,Not checked,Not checked,Checked,Checked,Checked,Marathi,"Yes, with people from my home country/region",India,,9,100%,91,91,91,91,9,91,91,8,Interacting with students of all nationalities.,,30,Man,Hertie School,,MPP,1º,High income,70,Control,"Yes, I agree",16,60,,10874,68,61,47,268,,15/11/2022 15:00,1,0,7,7,0,0,0.42,0
362,,,SI,interview,15/11/2022 11:58,Yes,2,3,Checked,Not checked,Checked,Checked,Not checked,Not checked,,"Yes, with people from different countries and regions",Mexico,,10,100%,75,27,100%,100%,10,100%,45,10,Mainly interacting with conationals and Germans.,,28,Woman,Hertie School,,MiA,2º,Upper-middle income,71,Control,"Yes, I agree",3,33,,34,22,20,29,141,,15/11/2022 12:00,1,0,7,7,0,0,1.41,21
365,,,SI,interview,15/11/2022 20:26,No,0 - 1,3,Checked,Checked,Not checked,Not checked,Not checked,Checked,Italian,"Yes, with people from my home country/region",Italy,,2,48,53,64,19,100%,5,0%,24,4,Mainly interacting with conationals and/or same region as me.,,22,Man,Hertie School,,MPP,2º,Upper-middle income,71,Treatment (image),"Yes, I agree",2,30,5,15,42,10,14,118,,15/11/2022 20:28,1,0,7,7,0,0,2.1,60
367,,,SI,interview,16/11/2022 11:23,No,5+,2,Checked,Not checked,Not checked,Not checked,Not checked,Checked,Tamil,"Yes, with people from different countries and regions",India,,9,91,91,100%,91,91,9,100%,100%,9,Interacting with other international students but hardly with Germans.,,26,Man,Hertie School,,Publicpolicy,1º,Low-middle income,72,Control,"Yes, I agree",15,56,,55,41,52,26,245,,16/11/2022 11:27,1,0,7,7,0,0,0.74,0
